geo,name,mortality_rate,gdpcapita,year
AUS,Australia,5.5,21526,2000
AUS,Australia,5.3,21772,2001
AUS,Australia,5.1,22018,2002
AUS,Australia,4.9,22264,2003
AUS,Australia,4.7,22510,2004
AUS,Australia,4.5,22756,2005
AUS,Australia,4.3,23002,2006
AUS,Australia,4.1,23248,2007
AUS,Australia,3.9,23494,2008
AUS,Australia,3.7,23740,2009
AUS,Australia,3.5,23986,2010
BRA,Brazil,35.2,3077,2000
BRA,Brazil,34.0,3123,2001
BRA,Brazil,32.8,3169,2002
BRA,Brazil,31.6,3215,2003
BRA,Brazil,30.4,3261,2004
BRA,Brazil,29.2,3307,2005
BRA,Brazil,28.0,3353,2006
BRA,Brazil,26.8,3399,2007
BRA,Brazil,25.6,3445,2008
BRA,Brazil,24.4,3491,2009
BRA,Brazil,23.2,3537,2010
CAN,Canada,5.8,23747,2000
CAN,Canada,5.6,24091,2001
CAN,Canada,5.4,24511,2002
CAN,Canada,5.2,25027,2003
CAN,Canada,5.0,25888,2004
CAN,Canada,4.8,27017,2005
CAN,Canada,4.6,28567,2006
CAN,Canada,4.4,30028,2007
CAN,Canada,4.2,31041,2008
CAN,Canada,4.0,29872,2009
CAN,Canada,3.8,31401,2010
CHN,China,30.2,949,2000
CHN,China,28.8,1028,2001
CHN,China,27.4,1107,2002
CHN,China,26.0,1186,2003
CHN,China,24.6,1265,2004
CHN,China,23.2,1344,2005
CHN,China,21.8,1423,2006
CHN,China,20.4,1502,2007
CHN,China,19.0,1581,2008
CHN,China,17.6,1660,2009
CHN,China,16.2,1739,2010
DEU,Germany,4.5,23021,2000
DEU,Germany,4.3,23267,2001
DEU,Germany,4.1,23513,2002
DEU,Germany,3.9,23759,2003
DEU,Germany,3.7,24005,2004
DEU,Germany,3.5,24251,2005
DEU,Germany,3.3,24497,2006
DEU,Germany,3.1,24743,2007
DEU,Germany,2.9,24989,2008
DEU,Germany,2.7,25235,2009
DEU,Germany,2.5,25481,2010
ESP,Spain,4.9,14127,2000
ESP,Spain,4.7,14373,2001
ESP,Spain,4.5,14619,2002
ESP,Spain,4.3,14865,2003
ESP,Spain,4.1,15111,2004
ESP,Spain,3.9,15357,2005
ESP,Spain,3.7,15603,2006
ESP,Spain,3.5,15849,2007
ESP,Spain,3.3,16095,2008
ESP,Spain,3.1,16341,2009
ESP,Spain,2.9,16587,2010
FRA,France,4.8,22432,2000
FRA,France,4.6,22678,2001
FRA,France,4.4,22924,2002
FRA,France,4.2,23170,2003
FRA,France,4.0,23416,2004
FRA,France,3.8,23662,2005
FRA,France,3.6,23908,2006
FRA,France,3.4,24154,2007
FRA,France,3.2,24400,2008
FRA,France,3.0,24646,2009
FRA,France,2.8,24892,2010
GBR,United Kingdom,6.1,25717,2000
GBR,United Kingdom,5.9,26011,2001
GBR,United Kingdom,5.7,26305,2002
GBR,United Kingdom,5.5,26599,2003
GBR,United Kingdom,5.3,26893,2004
GBR,United Kingdom,5.1,27187,2005
GBR,United Kingdom,4.9,27481,2006
GBR,United Kingdom,4.7,27775,2007
GBR,United Kingdom,4.5,28069,2008
GBR,United Kingdom,4.3,28363,2009
GBR,United Kingdom,4.1,28657,2010
IND,India,65.8,443,2000
IND,India,64.2,456,2001
IND,India,62.6,469,2002
IND,India,61.0,482,2003
IND,India,59.4,495,2004
IND,India,57.8,508,2005
IND,India,56.2,521,2006
IND,India,54.6,534,2007
IND,India,53.0,547,2008
IND,India,51.4,560,2009
IND,India,49.8,573,2010
ITA,Italy,5.2,20128,2000
ITA,Italy,5.0,20374,2001
ITA,Italy,4.8,20620,2002
ITA,Italy,4.6,20866,2003
ITA,Italy,4.4,21112,2004
ITA,Italy,4.2,21358,2005
ITA,Italy,4.0,21604,2006
ITA,Italy,3.8,21850,2007
ITA,Italy,3.6,22096,2008
ITA,Italy,3.4,22342,2009
ITA,Italy,3.2,22588,2010
JPN,Japan,3.8,37304,2000
JPN,Japan,3.6,37550,2001
JPN,Japan,3.4,37796,2002
JPN,Japan,3.2,38042,2003
JPN,Japan,3.0,38288,2004
JPN,Japan,2.8,38534,2005
JPN,Japan,2.6,38780,2006
JPN,Japan,2.4,39026,2007
JPN,Japan,2.2,39272,2008
JPN,Japan,2.0,39518,2009
JPN,Japan,1.8,39764,2010
MEX,Mexico,25.3,6791,2000
MEX,Mexico,24.8,6801,2001
MEX,Mexico,24.2,6811,2002
MEX,Mexico,23.6,6821,2003
MEX,Mexico,23.0,6831,2004
MEX,Mexico,22.4,6841,2005
MEX,Mexico,21.8,6851,2006
MEX,Mexico,21.2,6861,2007
MEX,Mexico,20.6,6871,2008
MEX,Mexico,20.0,6881,2009
MEX,Mexico,19.4,6891,2010
NGA,Nigeria,120.5,375,2000
NGA,Nigeria,118.0,382,2001
NGA,Nigeria,115.5,389,2002
NGA,Nigeria,113.0,396,2003
NGA,Nigeria,110.5,403,2004
NGA,Nigeria,108.0,410,2005
NGA,Nigeria,105.5,417,2006
NGA,Nigeria,103.0,424,2007
NGA,Nigeria,100.5,431,2008
NGA,Nigeria,98.0,438,2009
NGA,Nigeria,95.5,445,2010
USA,United States,7.2,36397,2000
USA,United States,7.0,36922,2001
USA,United States,6.8,37409,2002
USA,United States,6.6,38100,2003
USA,United States,6.4,39373,2004
USA,United States,6.2,41036,2005
USA,United States,6.0,43207,2006
USA,United States,5.8,44790,2007
USA,United States,5.6,45989,2008
USA,United States,5.4,44537,2009
USA,United States,5.2,46404,2010
ZAF,South Africa,45.6,3018,2000
ZAF,South Africa,44.2,3044,2001
ZAF,South Africa,42.8,3070,2002
ZAF,South Africa,41.4,3096,2003
ZAF,South Africa,40.0,3122,2004
ZAF,South Africa,38.6,3148,2005
ZAF,South Africa,37.2,3174,2006
ZAF,South Africa,35.8,3200,2007
ZAF,South Africa,34.4,3226,2008
ZAF,South Africa,33.0,3252,2009
ZAF,South Africa,31.6,3278,2010
